;Anio;Trimestre;Mbps (Media de bajada);id_provincia
0;2022;4;111,0;1
1;2022;4;182,86;2
2;2022;4;83,33;3
3;2022;4;104,02;4
4;2022;4;15,92;5
5;2022;4;108,77;7
6;2022;4;94,72;6
7;2022;4;87,47;8
8;2022;4;72,03;9
9;2022;4;39,32;10
10;2022;4;19,1;11
11;2022;4;61,0;12
12;2022;4;38,76;13
13;2022;4;91,24;14
14;2022;4;95,37;15
15;2022;4;75,31;16
16;2022;4;75,93;17
17;2022;4;16,39;18
18;2022;4;30,67;19
19;2022;4;14,33;20
20;2022;4;90,3;21
21;2022;4;34,4;22
22;2022;4;13,48;23
23;2022;4;88,33;24
24;2022;3;70,19;1
25;2022;3;101,05;2
26;2022;3;60,99;3
27;2022;3;53,21;4
28;2022;3;15,57;5
29;2022;3;56,32;7
30;2022;3;45,07;6
31;2022;3;42,49;8
32;2022;3;30,35;9
33;2022;3;32,43;10
34;2022;3;18,1;11
35;2022;3;44,3;12
36;2022;3;34,16;13
37;2022;3;49,3;14
38;2022;3;47,81;15
39;2022;3;34,13;16
40;2022;3;41,33;17
41;2022;3;15,84;18
42;2022;3;19,33;19
43;2022;3;12,6;20
44;2022;3;45,15;21
45;2022;3;17,69;22
46;2022;3;11,01;23
47;2022;3;53,36;24
48;2022;2;65,5;1
49;2022;2;93,97;2
50;2022;2;56,56;3
51;2022;2;50,61;4
52;2022;2;14,91;5
53;2022;2;53,51;7
54;2022;2;43,31;6
55;2022;2;40,03;8
56;2022;2;28,47;9
57;2022;2;29,39;10
58;2022;2;16,07;11
59;2022;2;43,28;12
60;2022;2;29,72;13
61;2022;2;46,23;14
62;2022;2;46,53;15
63;2022;2;33,26;16
64;2022;2;38,77;17
65;2022;2;14,44;18
66;2022;2;19,32;19
67;2022;2;11,81;20
68;2022;2;42,01;21
69;2022;2;16,34;22
70;2022;2;10,97;23
71;2022;2;50,09;24
72;2022;1;62,51;1
73;2022;1;88,22;2
74;2022;1;51,22;3
75;2022;1;45,84;4
76;2022;1;13,4;5
77;2022;1;49,89;7
78;2022;1;38,11;6
79;2022;1;35,59;8
80;2022;1;30,28;9
81;2022;1;27,69;10
82;2022;1;14,84;11
83;2022;1;41,37;12
84;2022;1;26,2;13
85;2022;1;41,87;14
86;2022;1;43,05;15
87;2022;1;31,09;16
88;2022;1;36,71;17
89;2022;1;11,99;18
90;2022;1;20,95;19
91;2022;1;10,89;20
92;2022;1;38,89;21
93;2022;1;14,5;22
94;2022;1;10,73;23
95;2022;1;47,24;24
96;2021;4;60,2091238315554;1
97;2021;4;82,94995496542248;2
98;2021;4;46,380057758939095;3
99;2021;4;42,342637514688604;4
100;2021;4;9,082660638555467;5
101;2021;4;46,36090745799214;7
102;2021;4;35,772659194287044;6
103;2021;4;33,31712584167462;8
104;2021;4;28,75764894769421;9
105;2021;4;27,144343038417077;10
106;2021;4;13,853882842854395;11
107;2021;4;39,69594513667998;12
108;2021;4;22,23158340100516;13
109;2021;4;38,903349250907574;14
110;2021;4;40,092530111167584;15
111;2021;4;27,20317045489215;16
112;2021;4;33,940639744985226;17
113;2021;4;11,052749308157779;18
114;2021;4;20,90972444801464;19
115;2021;4;8,990650984477549;20
116;2021;4;36,024023837275145;21
117;2021;4;13,84088684951507;22
118;2021;4;10,696704944050465;23
119;2021;4;45,14812243339947;24
120;2021;3;56,25755092469591;1
121;2021;3;77,71207106907312;2
122;2021;3;43,43333599763174;3
123;2021;3;39,113135809207584;4
124;2021;3;8,176860363136605;5
125;2021;3;41,92778724566202;7
126;2021;3;32,16890082785829;6
127;2021;3;29,60123187949277;8
128;2021;3;26,689426784946654;9
129;2021;3;25,980702520297545;10
130;2021;3;12,99161507240359;11
131;2021;3;38,86795185445044;12
132;2021;3;13,365156173184467;13
133;2021;3;30,87871831426499;14
134;2021;3;38,34222315428742;15
135;2021;3;25,400065197148727;16
136;2021;3;31,209681857038827;17
137;2021;3;7,041300820394967;18
138;2021;3;21,69870707116376;19
139;2021;3;7,692326941812981;20
140;2021;3;33,13229624738131;21
141;2021;3;13,352723533519553;22
142;2021;3;9,52;23
143;2021;3;42,10118530571482;24
144;2021;2;52,75542937003713;1
145;2021;2;72,74675003231476;2
146;2021;2;42,18506376779111;3
147;2021;2;37,396909596222066;4
148;2021;2;7,67690621713348;5
149;2021;2;39,59011648994794;7
150;2021;2;30,368054802005656;6
151;2021;2;27,61897306203556;8
152;2021;2;23,96630452806761;9
153;2021;2;25,812477856862227;10
154;2021;2;12,27922373804818;11
155;2021;2;38,534894383007746;12
156;2021;2;13,465987205003026;13
157;2021;2;28,682221735396933;14
158;2021;2;36,10972145846688;15
159;2021;2;23,748446681442676;16
160;2021;2;29,239354220742428;17
161;2021;2;6,993162601626016;18
162;2021;2;21,66188998963924;19
163;2021;2;7,629667005202396;20
164;2021;2;30,7018831645519;21
165;2021;2;12,718797838683303;22
166;2021;2;8,591921426483484;23
167;2021;2;40,30992032851357;24
168;2021;1;50,78565608506508;1
169;2021;1;68,29026886796898;2
170;2021;1;39,96652623965282;3
171;2021;1;33,6262012999863;4
172;2021;1;7,531527409144197;5
173;2021;1;36,168799328437636;7
174;2021;1;25,985171359720066;6
175;2021;1;23,871334373183572;8
176;2021;1;20,980327506975218;9
177;2021;1;26,777362312404005;10
178;2021;1;10,728511929531797;11
179;2021;1;12,697554732181876;12
180;2021;1;12,599361245254226;13
181;2021;1;25,076826126081443;14
182;2021;1;34,23850264753642;15
183;2021;1;21,923906760830956;16
184;2021;1;27,31884069404982;17
185;2021;1;6,910089995382067;18
186;2021;1;21,594379804710776;19
187;2021;1;7,501531847531764;20
188;2021;1;28,130630073152936;21
189;2021;1;11,584174516498134;22
190;2021;1;8,734752396277898;23
191;2021;1;37,97961958190828;24
192;2020;4;50,008380839635755;1
193;2020;4;67,32513676879374;2
194;2020;4;37,6500877273544;3
195;2020;4;32,45204676418101;4
196;2020;4;7,383087626414736;5
197;2020;4;35,120601241883946;7
198;2020;4;25,446700896630592;6
199;2020;4;24,05327825306045;8
200;2020;4;19,6983490087788;9
201;2020;4;25,20639328416149;10
202;2020;4;9,875605170860927;11
203;2020;4;12,534655980598345;12
204;2020;4;11,093171319457166;13
205;2020;4;24,956617779680364;14
206;2020;4;33,90786486677393;15
207;2020;4;21,636719189849995;16
208;2020;4;25,322439650744734;17
209;2020;4;6,412867397953183;18
210;2020;4;21,252954082189127;19
211;2020;4;7,492108628119051;20
212;2020;4;27,294352446215623;21
213;2020;4;11,280765527511996;22
214;2020;4;8,486806949337868;23
215;2020;4;36,442246829152964;24
216;2020;3;48,37662390811511;1
217;2020;3;63,80852025607172;2
218;2020;3;36,540436607329845;3
219;2020;3;30,802726948564217;4
220;2020;3;7,402074441844787;5
221;2020;3;33,51119497419789;7
222;2020;3;23,851523971242955;6
223;2020;3;22,432598646206184;8
224;2020;3;18,282832069430402;9
225;2020;3;21,910419686869954;10
226;2020;3;10,697630905402091;11
227;2020;3;12,194703767058197;12
228;2020;3;10,18749103459563;13
229;2020;3;24,141761872521517;14
230;2020;3;31,46090402703376;15
231;2020;3;21,077778703258762;16
232;2020;3;25,261155924027737;17
233;2020;3;6,027864793582682;18
234;2020;3;20,84992813378867;19
235;2020;3;6,649363712026633;20
236;2020;3;25,690941341268072;21
237;2020;3;10,879017270659741;22
238;2020;3;8,506676055475614;23
239;2020;3;34,835801698615526;24
240;2020;2;45,66197363212277;1
241;2020;2;60,4844973584038;2
242;2020;2;34,92595642857143;3
243;2020;2;27,952284674364286;4
244;2020;2;7,605487984559083;5
245;2020;2;30,987577637139466;7
246;2020;2;22,15030606257576;6
247;2020;2;20,448621178442586;8
248;2020;2;16,870258993114398;9
249;2020;2;15,864013631862552;10
250;2020;2;8,028862255598405;11
251;2020;2;11,669110961977259;12
252;2020;2;9,274562732094155;13
253;2020;2;22,560122617583183;14
254;2020;2;29,100147623878513;15
255;2020;2;19,679596047283173;16
256;2020;2;22,55853618795662;17
257;2020;2;6,308614963196474;18
258;2020;2;21,02062693689071;19
259;2020;2;6,593202418178028;20
260;2020;2;23,925791608984095;21
261;2020;2;10,411619106122004;22
262;2020;2;8,128329395457266;23
263;2020;2;32,70453443718797;24
264;2020;1;45,18128807375552;1
265;2020;1;58,70568296242247;2
266;2020;1;29,132225012939607;3
267;2020;1;25,942049334121737;4
268;2020;1;7,117047781865397;5
269;2020;1;29,394787835061326;7
270;2020;1;20,538999274943325;6
271;2020;1;19,029765335057498;8
272;2020;1;15,697352607415109;9
273;2020;1;14,14492205715465;10
274;2020;1;7,291757720474826;11
275;2020;1;7,962418947150687;12
276;2020;1;8,440867710216997;13
277;2020;1;22,148213068436263;14
278;2020;1;27,76828207897622;15
279;2020;1;19,06030056406124;16
280;2020;1;21,425047243902736;17
281;2020;1;6,036984591484099;18
282;2020;1;20,989379744282658;19
283;2020;1;6,417170627364028;20
284;2020;1;22,42405677003625;21
285;2020;1;10,00053908049476;22
286;2020;1;7,410865837696335;23
287;2020;1;32,24553094303289;24
288;2019;4;30,769694141005864;1
289;2019;4;44,203178670085876;2
290;2019;4;24,878307670462615;3
291;2019;4;23,37495080016229;4
292;2019;4;6,994113523445059;5
293;2019;4;26,16228061451293;7
294;2019;4;19,255411607971407;6
295;2019;4;17,007580897657125;8
296;2019;4;14,525629551519327;9
297;2019;4;12,959200042804211;10
298;2019;4;6,526152195693043;11
299;2019;4;8,000880364029628;12
300;2019;4;7,785200889987086;13
301;2019;4;20,32034743574273;14
302;2019;4;26,01988431478295;15
303;2019;4;17,17699897385603;16
304;2019;4;19,08357302283381;17
305;2019;4;6,040171698468491;18
306;2019;4;20,690353422143115;19
307;2019;4;5,207925064069708;20
308;2019;4;20,54719701980728;21
309;2019;4;9,792201844355846;22
310;2019;4;7,27;23
311;2019;4;29,87038932431276;24
312;2019;3;25,679380143834067;1
313;2019;3;38,71410056071139;2
314;2019;3;9,293407429459826;3
315;2019;3;19,994668122685404;4
316;2019;3;6,966323588474291;5
317;2019;3;23,193402364939846;7
318;2019;3;16,69992255090861;6
319;2019;3;14,69513286650061;8
320;2019;3;13,22353748406198;9
321;2019;3;11,968240929924347;10
322;2019;3;5,719666464891041;11
323;2019;3;8,002375296912113;12
324;2019;3;6,10822854552147;13
325;2019;3;17,931522461372833;14
326;2019;3;23,74841515996666;15
327;2019;3;15,983718503999242;16
328;2019;3;14,746465244455523;17
329;2019;3;6,038229508650902;18
330;2019;3;19,743826982349614;19
331;2019;3;5,017746940956451;20
332;2019;3;18,165529686687883;21
333;2019;3;9,389413131426359;22
334;2019;3;6,690701380143412;23
335;2019;3;19,323994794580525;24
336;2019;2;22,480046018557395;1
337;2019;2;30,346259857091994;2
338;2019;2;8,81;3
339;2019;2;16,01024333099657;4
340;2019;2;6,054406893543786;5
341;2019;2;18,43151783191278;7
342;2019;2;13,833035083816176;6
343;2019;2;12,193357817950574;8
344;2019;2;10,836611219480826;9
345;2019;2;12,073382280507326;10
346;2019;2;5,492288321417966;11
347;2019;2;7,894163486005089;12
348;2019;2;6,02629690452623;13
349;2019;2;14,50130254739236;14
350;2019;2;17,242865250195976;15
351;2019;2;11,628050204319907;16
352;2019;2;12,548748750601563;17
353;2019;2;6,118522013069041;18
354;2019;2;19,875972848399364;19
355;2019;2;6,008047317560813;20
356;2019;2;15,074549058890282;21
357;2019;2;7,103112882966522;22
358;2019;2;6,34;23
359;2019;2;18,529317885920335;24
360;2019;1;19,643958224230506;1
361;2019;1;24,715063293849774;2
362;2019;1;7,964005155271879;3
363;2019;1;13,444236269077935;4
364;2019;1;5,891730569196159;5
365;2019;1;15,73486422864591;7
366;2019;1;12,049695550812029;6
367;2019;1;10,659197328953976;8
368;2019;1;9,825089957835713;9
369;2019;1;8,560464217465055;10
370;2019;1;5,057861842867403;11
371;2019;1;7,092792286992043;12
372;2019;1;5,742764175317399;13
373;2019;1;12,512773459683503;14
374;2019;1;15,884653263915219;15
375;2019;1;10,488420648136287;16
376;2019;1;10,377100013969459;17
377;2019;1;5,839263189429536;18
378;2019;1;8,708555188754593;19
379;2019;1;5,779992970397563;20
380;2019;1;12,986963477266004;21
381;2019;1;6,415070737969083;22
382;2019;1;6,341101450612301;23
383;2019;1;16,573299964579572;24
384;2018;4;16,934363010150058;1
385;2018;4;22,93530199223472;2
386;2018;4;8,043920202659912;3
387;2018;4;13,492083570210347;4
388;2018;4;6,085223903684034;5
389;2018;4;15,813667433629776;7
390;2018;4;12,138923393387724;6
391;2018;4;11,023282490376955;8
392;2018;4;9,816893711913803;9
393;2018;4;8,562737601752614;10
394;2018;4;4,319094957943483;11
395;2018;4;7,0933821251548945;12
396;2018;4;5,746675102434321;13
397;2018;4;12,495112674155788;14
398;2018;4;15,89123364607043;15
399;2018;4;10,487005565275494;16
400;2018;4;10,45728408913591;17
401;2018;4;5,715266539357845;18
402;2018;4;8,818992791900516;19
403;2018;4;5,1195073647728675;20
404;2018;4;13,179234899969483;21
405;2018;4;6,309255243851745;22
406;2018;4;7,436562008214025;23
407;2018;4;16,58323444553027;24
408;2018;3;16,77973513236217;1
409;2018;3;21,643368364061413;2
410;2018;3;7,806521941530631;3
411;2018;3;12,89496189060927;4
412;2018;3;6,076722322942862;5
413;2018;3;14,8182495375679;7
414;2018;3;11,493228365457123;6
415;2018;3;10,524753506287304;8
416;2018;3;9,318495441068285;9
417;2018;3;7,669872151814152;10
418;2018;3;4,283048376167659;11
419;2018;3;6,156013225626096;12
420;2018;3;5,786015677158131;13
421;2018;3;12,487485758721087;14
422;2018;3;14,674244286624784;15
423;2018;3;10,06446008106754;16
424;2018;3;9,265848177562406;17
425;2018;3;5,738204725877363;18
426;2018;3;8,814987579354126;19
427;2018;3;5,369715716600383;20
428;2018;3;12,357326043488575;21
429;2018;3;5,779842512369051;22
430;2018;3;5,98788374717833;23
431;2018;3;15,255950362488306;24
432;2018;2;14,679375512175804;1
433;2018;2;18,93813458927817;2
434;2018;2;7,693096507452943;3
435;2018;2;12,499460181995785;4
436;2018;2;5,329857730598913;5
437;2018;2;13,876809406349514;7
438;2018;2;10,87765289559918;6
439;2018;2;10,186702751759963;8
440;2018;2;8,974986530777175;9
441;2018;2;6,289345589213642;10
442;2018;2;4,098364171057469;11
443;2018;2;5,591861584368082;12
444;2018;2;5,880529663045039;13
445;2018;2;11,759657402552001;14
446;2018;2;13,365011560107956;15
447;2018;2;9,509595114373948;16
448;2018;2;8,928271706442677;17
449;2018;2;5,845597830692315;18
450;2018;2;5,9005751848808545;19
451;2018;2;5,1892899508557875;20
452;2018;2;11,74888462281756;21
453;2018;2;5,9110016469983835;22
454;2018;2;5,942745057375916;23
455;2018;2;13,506545729627103;24
456;2018;1;14,198889644680946;1
457;2018;1;17,74557730418008;2
458;2018;1;8,198860528714677;3
459;2018;1;12,444064678644967;4
460;2018;1;5,418637938827784;5
461;2018;1;12,790571217400485;7
462;2018;1;11,118502865253635;6
463;2018;1;9,875239366998759;8
464;2018;1;11,056815367469506;9
465;2018;1;6,741185879384532;10
466;2018;1;3,995131352064104;11
467;2018;1;5,890820604111634;12
468;2018;1;5,881626969169374;13
469;2018;1;12,082189465143012;14
470;2018;1;11,96045995607415;15
471;2018;1;8,976243194361576;16
472;2018;1;9,1894409821995;17
473;2018;1;5,850581035549749;18
474;2018;1;5,89436270457927;19
475;2018;1;5,1892899508557875;20
476;2018;1;11,173305005746002;21
477;2018;1;6,248210722163038;22
478;2018;1;5,768082036032884;23
479;2018;1;9,355631684806106;24
480;2017;4;12,9720825438982;1
481;2017;4;15,20221886916041;2
482;2017;4;7,78415435139573;3
483;2017;4;11,702868121959403;4
484;2017;4;5,408238076890145;5
485;2017;4;11,63658470115664;7
486;2017;4;10,384400430891967;6
487;2017;4;9,295960619999066;8
488;2017;4;10,114170463766307;9
489;2017;4;6,638821273566491;10
490;2017;4;3,9758194449815036;11
491;2017;4;5,877588849506658;12
492;2017;4;5,71002586675844;13
493;2017;4;11,324123723249613;14
494;2017;4;10,719151524540269;15
495;2017;4;8,045522324672751;16
496;2017;4;8,451742767775633;17
497;2017;4;5,832260073010133;18
498;2017;4;5,732208801354054;19
499;2017;4;5,206584828874508;20
500;2017;4;10,297494601847182;21
501;2017;4;6,165600214985038;22
502;2017;4;5,203225704536838;23
503;2017;4;9,106021307187058;24
504;2017;3;8,425706211853651;1
505;2017;3;10,635720274073307;2
506;2017;3;5,260018066713561;3
507;2017;3;8,484871287555498;4
508;2017;3;3,4783469156690874;5
509;2017;3;9,115572873049981;7
510;2017;3;7,447416428085263;6
511;2017;3;6,993400639349653;8
512;2017;3;7,06882153411281;9
513;2017;3;4,689006725369201;10
514;2017;3;3,4381011143320657;11
515;2017;3;5,010090208766659;12
516;2017;3;3,512962661663036;13
517;2017;3;8,430383025286991;14
518;2017;3;8,16517738570226;15
519;2017;3;5,487278804673885;16
520;2017;3;6,133146206896552;17
521;2017;3;3,4497842064911834;18
522;2017;3;3,50338739319684;19
523;2017;3;3,610470505758638;20
524;2017;3;7,792215148399743;21
525;2017;3;5,178558078335373;22
526;2017;3;3,475358271865121;23
527;2017;3;6,3851768015553985;24
528;2017;2;7,198747751887984;1
529;2017;2;8,843219830788254;2
530;2017;2;5,102182825899711;3
531;2017;2;7,689213433544128;4
532;2017;2;3,44726909222351;5
533;2017;2;7,421321799076774;7
534;2017;2;6,7915804826070545;6
535;2017;2;6,287810106292773;8
536;2017;2;6,1786533146404965;9
537;2017;2;4,541861878194008;10
538;2017;2;3,3182593614961053;11
539;2017;2;5,53385510805501;12
540;2017;2;3,507255863215121;13
541;2017;2;7,604338490520663;14
542;2017;2;6,700610698446883;15
543;2017;2;4,741350857381452;16
544;2017;2;5,756213134839845;17
545;2017;2;3,4920338095238095;18
546;2017;2;3,502824149975052;19
547;2017;2;3,60311348968991;20
548;2017;2;6,838749250446204;21
549;2017;2;5,05794740805446;22
550;2017;2;3,476761467376085;23
551;2017;2;6,093280445624717;24
552;2017;1;6,678482577091709;1
553;2017;1;8,348147316695423;2
554;2017;1;4,973784837545127;3
555;2017;1;7,307905398272823;4
556;2017;1;3,4433862008733622;5
557;2017;1;6,799477637369997;7
558;2017;1;6,43297127701597;6
559;2017;1;5,9514745757075245;8
560;2017;1;5,742388931901572;9
561;2017;1;4,393861259634748;10
562;2017;1;3,2208135842183347;11
563;2017;1;5,427180473372781;12
564;2017;1;3,5072942051440963;13
565;2017;1;7,341041988916319;14
566;2017;1;6,0348361444213925;15
567;2017;1;4,449448877971685;16
568;2017;1;5,335371217821875;17
569;2017;1;3,492435161246428;18
570;2017;1;3,502824149975052;19
571;2017;1;3,591930075636318;20
572;2017;1;6,284036486892411;21
573;2017;1;4,948965833284994;22
574;2017;1;3,476761467376085;23
575;2017;1;5,8755073256955805;24
576;2016;4;6,3515464502603125;1
577;2016;4;7,957596242752894;2
578;2016;4;4,885711305119858;3
579;2016;4;7,077531005919823;4
580;2016;4;3,4071912914448172;5
581;2016;4;6,4667403639056085;7
582;2016;4;6,236245604077509;6
583;2016;4;5,807350829127614;8
584;2016;4;5,630674164916322;9
585;2016;4;4,323962745742035;10
586;2016;4;3,1895597297497957;11
587;2016;4;5,3437624272142195;12
588;2016;4;3,5066034697453756;13
589;2016;4;7,1094758091013635;14
590;2016;4;5,678446306542373;15
591;2016;4;4,369930463165329;16
592;2016;4;5,220883577846971;17
593;2016;4;3,491135554044867;18
594;2016;4;3,502824149975052;19
595;2016;4;3,5639164089588604;20
596;2016;4;6,0402333289406664;21
597;2016;4;4,866794431448622;22
598;2016;4;3,476761467376085;23
599;2016;4;5,7277669342021085;24
600;2016;3;5,914918008163684;1
601;2016;3;7,380172699207805;2
602;2016;3;4,725241179958494;3
603;2016;3;6,718220363245951;4
604;2016;3;3,3438663279846357;5
605;2016;3;6,068526923518407;7
606;2016;3;5,958192561066714;6
607;2016;3;5,586427488329489;8
608;2016;3;5,4161310069990956;9
609;2016;3;4,215291130909006;10
610;2016;3;3,1449984261882276;11
611;2016;3;5,076731739002066;12
612;2016;3;3,50729080145311;13
613;2016;3;6,741222269842242;14
614;2016;3;5,292166864731292;15
615;2016;3;4,162924282482748;16
616;2016;3;5,052874436550483;17
617;2016;3;3,4890674462877342;18
618;2016;3;3,5030237740401673;19
619;2016;3;3,53583356483625;20
620;2016;3;5,6772637615647845;21
621;2016;3;4,670123087013555;22
622;2016;3;3,4765453774624797;23
623;2016;3;5,544683260191403;24
624;2016;2;5,415144367004824;1
625;2016;2;6,576218932459292;2
626;2016;2;4,3648359645166135;3
627;2016;2;6,297357510958081;4
628;2016;2;3,335973498985547;5
629;2016;2;5,516912823002807;7
630;2016;2;5,601822569524247;6
631;2016;2;5,1311427833012475;8
632;2016;2;5,104132195866278;9
633;2016;2;3,843353043958065;10
634;2016;2;3,146067806525381;11
635;2016;2;4,773843067001075;12
636;2016;2;3,500168567871608;13
637;2016;2;6,233660566754793;14
638;2016;2;4,86640695565863;15
639;2016;2;3,976616411905147;16
640;2016;2;4,749378935322928;17
641;2016;2;3,4883718294284334;18
642;2016;2;3,501983369175627;19
643;2016;2;3,5021150276004565;20
644;2016;2;5,1385985309185065;21
645;2016;2;4,309815179590645;22
646;2016;2;3,478692463211772;23
647;2016;2;5,200979761760874;24
648;2016;1;4,9921684374839135;1
649;2016;1;6,047403702811701;2
650;2016;1;4,203588449295134;3
651;2016;1;5,991472683208309;4
652;2016;1;3,3796639330714164;5
653;2016;1;5,156801617049669;7
654;2016;1;5,37127911707625;6
655;2016;1;5,084574905605243;8
656;2016;1;4,872333380420963;9
657;2016;1;3,7712213425983374;10
658;2016;1;3,0476420362792593;11
659;2016;1;4,616973938050446;12
660;2016;1;3,5028689229788785;13
661;2016;1;6,000968717380309;14
662;2016;1;4,420493149015266;15
663;2016;1;3,826659196828916;16
664;2016;1;4,741858784571524;17
665;2016;1;3,485523490760477;18
666;2016;1;3,5029004392386534;19
667;2016;1;3,48315808971074;20
668;2016;1;4,898136028952046;21
669;2016;1;4,174011564306923;22
670;2016;1;3,475082632716791;23
671;2016;1;5,004036640679885;24
672;2015;4;4,884148905856541;1
673;2015;4;5,927803522979041;2
674;2015;4;4,124268369158702;3
675;2015;4;5,828384180790961;4
676;2015;4;3,283865031613298;5
677;2015;4;5,0670814932684065;7
678;2015;4;5,259482120492081;6
679;2015;4;5,007855905299356;8
680;2015;4;4,660308568580684;9
681;2015;4;3,7246804758922987;10
682;2015;4;2,936747707229629;11
683;2015;4;4,521671863926294;12
684;2015;4;3,5017779300891023;13
685;2015;4;5,9022914436487;14
686;2015;4;4,355592861552936;15
687;2015;4;3,768932299598505;16
688;2015;4;4,673467038141578;17
689;2015;4;3,481604116955732;18
690;2015;4;3,502937425860024;19
691;2015;4;3,4809679619106126;20
692;2015;4;4,809873774553555;21
693;2015;4;4,0941016914507635;22
694;2015;4;3,4748248642417257;23
695;2015;4;4,882297946330778;24
696;2015;3;4,700597914270459;1
697;2015;3;5,66468043459464;2
698;2015;3;3,884563872599747;3
699;2015;3;5,46643296553986;4
700;2015;3;3,2790384114749496;5
701;2015;3;4,867849001225086;7
702;2015;3;5,063473816782213;6
703;2015;3;4,766712366729086;8
704;2015;3;4,166164102194515;9
705;2015;3;3,532724551201011;10
706;2015;3;2,9149322141427945;11
707;2015;3;4,245850575398008;12
708;2015;3;3,500160951021911;13
709;2015;3;5,634289050903693;14
710;2015;3;4,2299439848957405;15
711;2015;3;3,7368314562024914;16
712;2015;3;4,4218314129775615;17
713;2015;3;3,4810928203738825;18
714;2015;3;3,5027538715982556;19
715;2015;3;3,4806877443585873;20
716;2015;3;4,559895452402629;21
717;2015;3;3,911237321691457;22
718;2015;3;3,4777210569327157;23
719;2015;3;4,572318667230303;24
720;2015;2;4,463495663548014;1
721;2015;2;5,31214873823781;2
722;2015;2;3,6825082950385544;3
723;2015;2;5,194771414259476;4
724;2015;2;3,2165716474851154;5
725;2015;2;4,557937666200854;7
726;2015;2;4,847197637993736;6
727;2015;2;4,55056996750087;8
728;2015;2;3,7649156840276494;9
729;2015;2;3,4086788431460913;10
730;2015;2;2,8626566401062417;11
731;2015;2;4,001551396208129;12
732;2015;2;3,4997241088624933;13
733;2015;2;5,327562649676923;14
734;2015;2;4,059617737533036;15
735;2015;2;3,666734448621427;16
736;2015;2;4,218121645686839;17
737;2015;2;3,4789192890667078;18
738;2015;2;3,5027709531013613;19
739;2015;2;3,47332349743749;20
740;2015;2;4,303196181656382;21
741;2015;2;3,728811295360471;22
742;2015;2;3,4775158762886598;23
743;2015;2;4,306812767469965;24
744;2015;1;4,323803709346771;1
745;2015;1;4,999711683876372;2
746;2015;1;3,483603660962992;3
747;2015;1;4,899908797030372;4
748;2015;1;3,2131565777597957;5
749;2015;1;4,304279282006848;7
750;2015;1;4,628190221393157;6
751;2015;1;4,3467465057866335;8
752;2015;1;3,3811501123595504;9
753;2015;1;3,241902108598274;10
754;2015;1;2,8340995102178685;11
755;2015;1;3,7804021060364885;12
756;2015;1;3,499130670898351;13
757;2015;1;4,973004251321198;14
758;2015;1;3,9114916381985845;15
759;2015;1;3,585297088257377;16
760;2015;1;4,022777936163619;17
761;2015;1;3,4769891700932414;18
762;2015;1;3,5009942704654264;19
763;2015;1;3,474217030667377;20
764;2015;1;4,063283068408137;21
765;2015;1;3,571104125126239;22
766;2015;1;3,4538780857514078;23
767;2015;1;4,071078040242438;24
768;2014;4;4,198943508236657;1
769;2014;4;4,7817877112755625;2
770;2014;4;3,336005334797788;3
771;2014;4;3,977400363306085;4
772;2014;4;3,1746491581312557;5
773;2014;4;4,092903062184572;7
774;2014;4;3,8061123116725004;6
775;2014;4;3,8000517871100685;8
776;2014;4;3,023326617826618;9
777;2014;4;3,127642108190794;10
778;2014;4;2,754208730637699;11
779;2014;4;3,582023899524448;12
780;2014;4;3,498767768599914;13
781;2014;4;4,025619961413459;14
782;2014;4;3,850772582597391;15
783;2014;4;3,543129254254254;16
784;2014;4;3,862259431502549;17
785;2014;4;3,4752201692281126;18
786;2014;4;3,503621206358865;19
787;2014;4;3,3330261837139634;20
788;2014;4;3,780707860716513;21
789;2014;4;3,4582244726597287;22
790;2014;4;3,4747244698924056;23
791;2014;4;3,8606123102449525;24
792;2014;3;3,969046991173242;1
793;2014;3;4,437380943390075;2
794;2014;3;2,915176175040519;3
795;2014;3;3,461947812450996;4
796;2014;3;3,165741790763976;5
797;2014;3;3,6600622495599104;7
798;2014;3;3,410927776641118;6
799;2014;3;3,3996079417526825;8
800;2014;3;2,6562830152303833;9
801;2014;3;2,9307053902518616;10
802;2014;3;2,816519545748315;11
803;2014;3;3,095178784641488;12
804;2014;3;3,5028531768490665;13
805;2014;3;3,5775238575714927;14
806;2014;3;3,7429104879160966;15
807;2014;3;3,4799791702900404;16
808;2014;3;3,4109103624880306;17
809;2014;3;3,473725985590389;18
810;2014;3;3,503113190184049;19
811;2014;3;3,3073222601557406;20
812;2014;3;3,375592912249111;21
813;2014;3;3,0995465103889184;22
814;2014;3;3,470981711419659;23
815;2014;3;3,349897526769352;24
816;2014;2;3,851862760043666;1
817;2014;2;4,249991223638481;2
818;2014;2;2,915358424826804;3
819;2014;2;3,4206301023631998;4
820;2014;2;3,1564052528575886;5
821;2014;2;3,5567859606832632;7
822;2014;2;3,3669705989802563;6
823;2014;2;3,312400309974538;8
824;2014;2;2,6523512500000006;9
825;2014;2;2,7690316794782204;10
826;2014;2;2,684576055426866;11
827;2014;2;3,095153343388638;12
828;2014;2;3,503033182060705;13
829;2014;2;3,540023885712756;14
830;2014;2;3,6647043380451545;15
831;2014;2;3,4286257504445143;16
832;2014;2;3,391137751108792;17
833;2014;2;3,4724840645935795;18
834;2014;2;3,5041044810417468;19
835;2014;2;3,3181516601634393;20
836;2014;2;3,3116910410979234;21
837;2014;2;3,0697509211495944;22
838;2014;2;3,470095986812908;23
839;2014;2;3,34994476711167;24
840;2014;1;3,7331327999829305;1
841;2014;1;4,024081510870217;2
842;2014;1;2,8027344007923407;3
843;2014;1;3,2558373037444444;4
844;2014;1;3,1759166751464583;5
845;2014;1;3,3874045815248133;7
846;2014;1;3,2186250823491607;6
847;2014;1;3,1672900899827185;8
848;2014;1;2,5737292109196757;9
849;2014;1;2,690263349406857;10
850;2014;1;2,64721042446136;11
851;2014;1;2,964740372987079;12
852;2014;1;3,5026805565551156;13
853;2014;1;3,403126267679909;14
854;2014;1;3,5493016508254125;15
855;2014;1;3,353796318189495;16
856;2014;1;3,3009019792545207;17
857;2014;1;3,4691384597491712;18
858;2014;1;3,5028153221310823;19
859;2014;1;3,315991479820628;20
860;2014;1;3,1474068452786788;21
861;2014;1;2,9494717214992052;22
862;2014;1;3,446887937323564;23
863;2014;1;3,208341823551126;24
