;Anio;Trimestre;Accesos por cada 100 hogares;Accesos por cada 100 hab;id_provincia
0;2022;4;78,94;26,72;1
1;2022;4;122,73;50,35;2
2;2022;4;65,77;16,73;3
3;2022;4;43,62;11,66;4
4;2022;4;85,57;26,23;5
5;2022;4;89,03;27,26;7
6;2022;4;51,64;13,6;6
7;2022;4;64,01;19,14;8
8;2022;4;39,41;10,03;9
9;2022;4;58,46;14,95;10
10;2022;4;94,8;31,23;11
11;2022;4;79,86;21,26;12
12;2022;4;51,36;14,33;13
13;2022;4;52,85;14,39;14
14;2022;4;78,67;23,41;15
15;2022;4;68,42;21,04;16
16;2022;4;57,96;14,04;17
17;2022;4;50,88;12,96;18
18;2022;4;90,27;25,83;19
19;2022;4;43,53;12,95;20
20;2022;4;78,4;24,65;21
21;2022;4;48,05;11,92;22
22;2022;4;101,44;30,07;23
23;2022;4;61,04;15,12;24
24;2022;3;78,11;26,37;1
25;2022;3;122,28;50,22;2
26;2022;3;65,33;16,62;3
27;2022;3;43,86;11,72;4
28;2022;3;84,38;25,86;5
29;2022;3;88,31;27,04;7
30;2022;3;48,21;12,69;6
31;2022;3;63,67;19,04;8
32;2022;3;43,76;11,14;9
33;2022;3;58,91;15,06;10
34;2022;3;96,59;31,82;11
35;2022;3;80,66;21,47;12
36;2022;3;51,03;14,24;13
37;2022;3;51,82;14,11;14
38;2022;3;80,37;23,92;15
39;2022;3;67,98;20,91;16
40;2022;3;57,76;13,99;17
41;2022;3;50,8;12,94;18
42;2022;3;81,74;23,39;19
43;2022;3;43,19;12,85;20
44;2022;3;78,55;24,7;21
45;2022;3;47,98;11,91;22
46;2022;3;99,51;29,5;23
47;2022;3;61,14;15,14;24
48;2022;2;77,58;26,12927127832741;1
49;2022;2;121,31;49,873561256261084;2
50;2022;2;62,4;15,871790195247085;3
51;2022;2;43,79;11,70254390369554;4
52;2022;2;83,19;25,499919336270644;5
53;2022;2;87,48;26,781590841133493;7
54;2022;2;48,35;12,732146965383649;6
55;2022;2;63,9;19,10468595065942;8
56;2022;2;43,42;11,049814591140093;9
57;2022;2;57,32;14,656913524540677;10
58;2022;2;92,98;30,632721559665786;11
59;2022;2;80,14;21,331409216914373;12
60;2022;2;49,39;13,782233784570575;13
61;2022;2;51,0;13,89002818196789;14
62;2022;2;80,02;23,81745752817118;15
63;2022;2;67,85;20,867543527383393;16
64;2022;2;57,54;13,936010557448652;17
65;2022;2;49,46;12,597912455631214;18
66;2022;2;81,76;23,396972678771853;19
67;2022;2;43,15;12,83962283852644;20
68;2022;2;77,9;24,495906799164608;21
69;2022;2;47,7;11,836737968128928;22
70;2022;2;99,86;29,60495526496903;23
71;2022;2;59,31;14,6914572899128;24
72;2022;1;76,07814661157262;25,563030152028354;1
73;2022;1;111,79786269174652;46,01434762144353;2
74;2022;1;58,20635083561171;14,805619574995312;3
75;2022;1;44,05948009941883;11,775342040436145;4
76;2022;1;88,05274093835774;26,988759663104396;5
77;2022;1;85,75745356313551;26,255262218351167;7
78;2022;1;47,644635141502334;12,545281287312793;6
79;2022;1;63,70090347123158;19,04540527092108;8
80;2022;1;34,955686995751336;8,896427435598431;9
81;2022;1;58,06462866426784;14,847641828629394;10
82;2022;1;91,66332531408715;30,200415031402574;11
83;2022;1;78,77459866564503;20,96917417226944;12
84;2022;1;48,73524093558345;13,5994765497552;13
85;2022;1;49,04334199772953;13,357539336702546;14
86;2022;1;74,17305509992715;22,07746042609429;15
87;2022;1;67,03640754987029;20,61822984084394;16
88;2022;1;56,10759340849759;13,588166053353753;17
89;2022;1;43,54598160933163;11,092116468606637;18
90;2022;1;80,72423060601774;23,101656231687382;19
91;2022;1;43,33842311053054;12,894297328809571;20
92;2022;1;77,30458474758402;24,307396998934415;21
93;2022;1;47,17273839324049;11,706882132029497;22
94;2022;1;98,29055038672794;29,13865104068589;23
95;2022;1;57,39003227231194;14,215533334298076;24
96;2021;4;75,66410602338475;25,36251411440295;1
97;2021;4;111,27002612891737;45,848510714562856;2
98;2021;4;55,2526999859741;14,054223759225387;3
99;2021;4;44,04856389025934;11,772399458164147;4
100;2021;4;82,57340063871433;25,309325144656967;5
101;2021;4;84,50941853046088;25,873153715537683;7
102;2021;4;45,51016102946347;11,983198552620907;6
103;2021;4;63,155361436165784;18,88227767661483;8
104;2021;4;34,4545746388443;8,768865242200624;9
105;2021;4;56,921070514870486;14,555241944242491;10
106;2021;4;89,56734270241313;29,509892061530994;11
107;2021;4;77,9234900964576;20,742382050283958;12
108;2021;4;47,505317090317746;13,25625900699059;13
109;2021;4;49,06462073058497;13,363319043268442;14
110;2021;4;73,30016254020012;21,817563119077384;15
111;2021;4;65,69489961160652;20,205613568445425;16
112;2021;4;56,81442605762217;13,759337691497715;17
113;2021;4;39,588851864871685;10,084133235970333;18
114;2021;4;80,29578283135379;22,97895624197615;19
115;2021;4;43,05121466117346;12,808821353847454;20
116;2021;4;77,08920179439227;24,23965799751964;21
117;2021;4;47,0459491943867;11,675440470480114;22
118;2021;4;98,40061644865433;29,171007839182543;23
119;2021;4;55,92599102424391;13,852880446424063;24
120;2021;3;71,68218940101933;23,96989190399953;1
121;2021;3;111,27105514250894;45,90038346526859;2
122;2021;3;52,709793486001274;13,407472376612356;3
123;2021;3;42,96241007967663;11,48213456009956;4
124;2021;3;80,70973847657562;24,738375502880167;5
125;2021;3;81,2845665540848;24,885957628675673;7
126;2021;3;44,90088312664412;11,8228555121759;6
127;2021;3;62,17940145385769;18,590565595869126;8
128;2021;3;33,962033540684324;8,643582187295351;9
129;2021;3;55,6892647441935;14,240381868423986;10
130;2021;3;84,27996309653611;27,767891191051227;11
131;2021;3;77,26016061386845;20,565964530219404;12
132;2021;3;45,54828468056102;12,710228113581037;13
133;2021;3;45,57065365808786;12,411772581325813;14
134;2021;3;69,70653344501615;20,74816202113861;15
135;2021;3;61,967213114754095;19,05925062746504;16
136;2021;3;55,964278059584196;13,55352602212216;17
137;2021;3;39,4554480019856;10,050236642022515;18
138;2021;3;79,87043349212911;22,857408818789526;19
139;2021;3;43,74732028012005;13,016254371883871;20
140;2021;3;75,01704762728227;23,58815244581783;21
141;2021;3;47,0;11,660736690891678;22
142;2021;3;94,95386825985027;28,150170112829368;23
143;2021;3;54,63604486100796;13,533446775711843;24
144;2021;2;70,00330336027972;23,35247372787298;1
145;2021;2;110,14440203212098;45,48719048129489;2
146;2021;2;52,34030966263861;13,313748671467298;3
147;2021;2;43,32762729293539;11,580041340539402;4
148;2021;2;72,29410481936469;22,159781771420207;5
149;2021;2;80,11518795931242;24,528406291253745;7
150;2021;2;43,5411637336848;11,465064580129559;6
151;2021;2;61,660264464787886;18,435680632917915;8
152;2021;2;33,22548419322613;8,456293049570467;9
153;2021;2;56,182157011467694;14,366784069218694;10
154;2021;2;82,08000672325404;27,043558440191944;11
155;2021;2;76,9786615851933;20,49158509575061;12
156;2021;2;40,97324182617088;11,433847066800618;13
157;2021;2;45,0128113119994;12,26014659485293;14
158;2021;2;69,14021084638621;20,58023612564588;15
159;2021;2;61,94204057417748;19,052051860128394;16
160;2021;2;54,930090174788894;13,303441391384512;17
161;2021;2;39,28402570062062;10,00671906693712;18
162;2021;2;83,47810720063075;23,89055527674358;19
163;2021;2;44,01491665543425;13,096756425784957;20
164;2021;2;75,06878626293008;23,60478745301367;21
165;2021;2;46,557275364921054;11,554388875216853;22
166;2021;2;67,88580775229184;20,126647945777083;23
167;2021;2;54,928196510348045;13,606163819728007;24
168;2021;1;69,10524076185938;22,998353975762015;1
169;2021;1;108,4199392232935;44,82699016464177;2
170;2021;1;48,899092927848244;12,438278918256517;3
171;2021;1;43,13649241708794;11,528896477487843;4
172;2021;1;68,9942808881567;21,147838315076264;5
173;2021;1;78,59028062380018;24,061371645661506;7
174;2021;1;42,664128438821415;11,234115869536096;6
175;2021;1;60,439449728342346;18,070581721504354;8
176;2021;1;32,732955756327215;8,330895284429907;9
177;2021;1;55,63244789620541;14,226045966500736;10
178;2021;1;81,77676345752207;26,943299898725044;11
179;2021;1;49,80693519079345;13,258360163449572;12
180;2021;1;39,153661528996416;10,926002451479471;13
181;2021;1;43,172438905971845;11,758811611223322;14
182;2021;1;66,84208942045272;19,895917331182986;15
183;2021;1;60,87924030325769;18,724905657874665;16
184;2021;1;53,93001926339093;13,061128426236175;17
185;2021;1;39,055194335357605;9,948368694803314;18
186;2021;1;81,23730177127507;23,24883515831701;19
187;2021;1;41,64783103990742;12,391825403443834;20
188;2021;1;73,91656407026184;23,242382186130484;21
189;2021;1;45,67308282365455;11,334871169032645;22
190;2021;1;77,34935609177366;22,9312154304354;23
191;2021;1;54,81892254125389;13,57896382467824;24
192;2020;4;68,97702220170737;22,90151153254686;1
193;2020;4;108,31107489043508;44,833968426782796;2
194;2020;4;49,40688354549741;12,567459308545084;3
195;2020;4;43,030788649779105;11,50064617804086;4
196;2020;4;68,35189915825622;20,950871174621614;5
197;2020;4;78,07960876338194;23,904978675681004;7
198;2020;4;42,42828394694903;11,172002734788627;6
199;2020;4;59,47430676097378;17,78197083072765;8
200;2020;4;32,487381907596735;8,268390853815193;9
201;2020;4;53,45659123390888;13,669623117135359;10
202;2020;4;81,76793248945148;26,940422171804798;11
203;2020;4;50,11061211701148;13,339129511730942;12
204;2020;4;38,62957896227819;10,779753857792285;13
205;2020;4;42,64411416119227;11,614898792582805;14
206;2020;4;67,00234522048092;19,943555550895127;15
207;2020;4;61,088615480454756;18,789319055171752;16
208;2020;4;54,04275200147659;13,088389057411085;17
209;2020;4;36,32088215575813;9,251858120163535;18
210;2020;4;81,67947806105701;23,375314368474104;19
211;2020;4;36,99957245908797;11,008682660661702;20
212;2020;4;73,58073807267776;23,136769743176906;21
213;2020;4;43,749256620689934;10,857437164805166;22
214;2020;4;76,26583496977399;22,609569143137627;23
215;2020;4;54,78340441369959;13,57016980842894;24
216;2020;3;67,65618983090923;22,410088053440287;1
217;2020;3;107,6759011657323;44,62274289719256;2
218;2020;3;47,15709898417198;11,995288801288368;3
219;2020;3;41,54192057806515;11,102767361905425;4
220;2020;3;68,34389815720037;20,94871530485329;5
221;2020;3;75,22035723669207;23,029708353509868;7
222;2020;3;41,750749470464434;10,993613616681577;6
223;2020;3;58,1901640924315;17,398110879051448;8
224;2020;3;31,905623310186538;8,120337229392224;9
225;2020;3;54,04441923820905;13,820037033679931;10
226;2020;3;79,26447706670275;26,115702018823033;11
227;2020;3;50,118113236302676;13,341312020771634;12
228;2020;3;37,348633137232696;10,422355488053226;13
229;2020;3;41,60448628544863;11,331798537010407;14
230;2020;3;65,24417025530218;19,42045929269766;15
231;2020;3;57,052405915845014;17,54802558517;16
232;2020;3;52,31571212848803;12,670239307125406;17
233;2020;3;38,78995525412846;9,88083251128296;18
234;2020;3;79,96172209417188;22,8839263803681;19
235;2020;3;35,95152890784452;10,697207032526524;20
236;2020;3;72,12060247348236;22,677710522681583;21
237;2020;3;43,37593131691913;10,76484130094044;22
238;2020;3;76,80909583946696;22,771515363810202;23
239;2020;3;53,2281495112899;13,184990703555616;24
240;2020;2;65,2205801358229;21,552858404836318;1
241;2020;2;106,41480599073645;44,15182686820503;2
242;2020;2;45,43181818181818;11,556666835285702;3
243;2020;2;39,83250279006581;10,646198278920558;4
244;2020;2;57,344613387235526;17,577923412048097;5
245;2020;2;72,71358531242393;22,262629768284135;7
246;2020;2;40,30476267979574;10,613139950481656;6
247;2020;2;56,538654739709614;16,90464963972206;8
248;2020;2;31,1394362262631;7,925539742616724;9
249;2020;2;47,887810227872784;12,246000275261045;10
250;2020;2;76,10158288987562;25,07384596485546;11
251;2020;2;49,83993501839552;13,267548880443243;12
252;2020;2;36,25224342110005;10,116652469373573;13
253;2020;2;40,88779600969606;11,136919674351834;14
254;2020;2;63,898469033764314;19,02059866374008;15
255;2020;2;56,369335248791955;17,338453751536527;16
256;2020;2;51,58158335340357;12,492822821915325;17
257;2020;2;35,09485776365026;8,939786450606132;18
258;2020;2;78,4096773527651;22,440286647722235;19
259;2020;2;35,79262396979603;10,650675172081195;20
260;2020;2;70,002168637187;22,01189934872471;21
261;2020;2;43,46716682468362;10,787648634906734;22
262;2020;2;76,36948260742473;22,642392447335883;23
263;2020;2;51,78074091030483;12,826796661758182;24
264;2020;1;64,32563101743429;21,208081014212762;1
265;2020;1;105,98017414181909;44,02408243452466;2
266;2020;1;37,615427687460254;9,568286447482455;3
267;2020;1;37,483833369172615;10,018358007806318;4
268;2020;1;51,26848941909703;15,715139739949185;5
269;2020;1;70,6880744339108;21,64232669040361;7
270;2020;1;38,729079942230904;10,198192297264285;6
271;2020;1;56,12006051437216;16,779387594256768;8
272;2020;1;30,228303962606848;7,693633209507935;9
273;2020;1;46,670230639987786;11,934505713694248;10
274;2020;1;75,76678781291396;24,96348894596364;11
275;2020;1;46,346631384166976;12,337423688670192;12
276;2020;1;33,14207670017271;9,248656325291032;13
277;2020;1;39,01834755171205;10,627621055982175;14
278;2020;1;61,84749362355069;18,409872883598883;15
279;2020;1;55,11566865962362;16,95263605430754;16
280;2020;1;49,59568027012866;12,011697200976553;17
281;2020;1;32,392292136304725;8,251277881190129;18
282;2020;1;76,30854184641933;21,838769386372302;19
283;2020;1;35,97427628896549;10,704172537298618;20
284;2020;1;69,52357940253133;21,86132458787361;21
285;2020;1;42,466359187991806;10,539212166838636;22
286;2020;1;76,06964979018785;22,552553250860385;23
287;2020;1;47,84792325850032;11,852464901793745;24
288;2019;4;64,25205288245421;21,135089381908887;1
289;2019;4;106,24546751041055;44,18705360861236;2
290;2019;4;36,43842912715547;9,268865071492511;3
291;2019;4;36,835478630342415;9,84506318966921;4
292;2019;4;51,145017855147124;15,677171185926401;5
293;2019;4;70,48295566244217;21,57949716642836;7
294;2019;4;38,767440989262106;10,208283637368018;6
295;2019;4;57,99221691704514;17,339132629892976;8
296;2019;4;30,471313480544048;7,755476118924716;9
297;2019;4;45,37754633175065;11,60391510228381;10
298;2019;4;76,92418969170417;25,344921847620384;11
299;2019;4;47,13589011052434;12,547563567459605;12
300;2019;4;33,64903072027183;9,390112733918839;13
301;2019;4;39,78923684048622;10,837581902491847;14
302;2019;4;59,35590092822445;17,668184976921886;15
303;2019;4;55,70500968287489;17,13387032217983;16
304;2019;4;50,35463892238824;12,195492805546795;17
305;2019;4;32,85497572815534;8,36915261267133;18
306;2019;4;74,92002603481464;21,441352893267833;19
307;2019;4;36,71136308535834;10,923427797723754;20
308;2019;4;69,48235725596862;21,84835065573258;21
309;2019;4;42,92077382358182;10,651974288337923;22
310;2019;4;79,69536136377089;23,627546752616215;23
311;2019;4;47,64902012521289;11,803181280712074;24
312;2019;3;69,35630106079125;22,761733615562225;1
313;2019;3;112,6453878037209;46,904770893488056;2
314;2019;3;30,883614526737205;7,855954765218487;3
315;2019;3;35,8460309754608;9,580664387529255;4
316;2019;3;47,56624162293312;14,580466548718958;5
317;2019;3;68,59234901069021;21,000781776953538;7
318;2019;3;38,48535113586719;10,134028114178687;6
319;2019;3;57,90009945796624;17,311661825597923;8
320;2019;3;30,11243299777749;7,664177713890219;9
321;2019;3;44,322486842913605;11,334206981241007;10
322;2019;3;77,45269423291748;25,519002705641388;11
323;2019;3;47,94290512174643;12,762431790856121;12
324;2019;3;40,73714258735342;11,368189016279217;13
325;2019;3;39,33292986744382;10,713348334458951;14
326;2019;3;64,13887269491578;19,092075679641724;15
327;2019;3;63,42470088700958;19,508498591229387;16
328;2019;3;44,47617792228716;10,771854623416075;17
329;2019;3;37,06231303554226;9,440941485226007;18
330;2019;3;85,22608876849344;24,390971166174673;19
331;2019;3;35,62816097885956;10,601555192584216;20
332;2019;3;68,87178057593026;21,656424746361633;21
333;2019;3;55,30391146854541;13,725288048364083;22
334;2019;3;96,46210963092378;28,598925193212118;23
335;2019;3;39,487600204016815;9,781574184382116;24
336;2019;2;67,84713982374198;22,215789484298067;1
337;2019;2;110,54556699485231;46,08592579281094;2
338;2019;2;32,13095022019278;8,173397032450584;3
339;2019;2;34,14026097986763;9,125011329267105;4
340;2019;2;46,98798413626923;14,403808727896068;5
341;2019;2;68,07130938789848;20,841637242238242;7
342;2019;2;38,15558588418795;10,047459019420458;6
343;2019;2;57,47823458872391;17,185820444672466;8
344;2019;2;30,418236006943307;7,742195783956093;9
345;2019;2;44,511922790626045;11,382934590825071;10
346;2019;2;77,08313750288404;25,39783989548608;11
347;2019;2;48,704939144243156;12,965645588675004;12
348;2019;2;40,754624235362655;11,373356541672889;13
349;2019;2;39,14612554169944;10,662825595018377;14
350;2019;2;63,080964327674394;18,777900805620252;15
351;2019;2;61,0942074999118;18,792276756346176;16
352;2019;2;41,89319832036978;10,146610869132008;17
353;2019;2;35,59971733748176;9,068540162527924;18
354;2019;2;81,789994425864;23,40822663016059;19
355;2019;2;28,846063055322123;8,584064828655885;20
356;2019;2;67,42291993321949;21,201130485144205;21
357;2019;2;52,78997126317105;13,101581339388986;22
358;2019;2;94,79803428023493;28,10756382159569;23
359;2019;2;40,13604621420884;9,942460440805863;24
360;2019;1;66,24255522736811;21,64173785141924;1
361;2019;1;109,19616455883845;45,57918389943661;2
362;2019;1;32,190488956121285;8,188504627374574;3
363;2019;1;32,635876579429485;8,722835003407456;4
364;2019;1;42,99773633717796;13,180368061670734;5
365;2019;1;65,5173840768055;20,05952769269671;7
366;2019;1;35,13498688698812;9,25199213887151;6
367;2019;1;56,78815996169284;16,979402393290254;8
368;2019;1;29,677694630431926;7,55368578631946;9
369;2019;1;46,40843874036665;11,867849761055307;10
370;2019;1;76,35457433780647;25,157516640472675;11
371;2019;1;50,184587883262736;13,359402478637785;12
372;2019;1;37,657164970282864;10,508862067173826;13
373;2019;1;36,25716826552349;9,87579609120626;14
374;2019;1;58,87800433437489;17,526490396034294;15
375;2019;1;53,57164978100252;16,478122478195964;16
376;2019;1;40,09834441771615;9,711781014403453;17
377;2019;1;31,833058053465464;8,108982017265918;18
378;2019;1;67,3379373977716;19,271779401291518;19
379;2019;1;23,66765499676892;7,042691634453057;20
380;2019;1;66,97409094791476;21,059894917387947;21
381;2019;1;37,519416746003905;9,311616280949599;22
382;2019;1;93,37581922721242;27,684925791261847;23
383;2019;1;41,63074443134759;10,31263096739148;24
384;2018;4;64,60284663484316;21,058833823398523;1
385;2018;4;108,27314997057414;45,24931394036689;2
386;2018;4;32,225346166025346;8,197333541624968;3
387;2018;4;32,59096087632982;8,7108351925502;4
388;2018;4;42,61093609604538;13,061729706052178;5
389;2018;4;65,08926459112368;19,92843117514227;7
390;2018;4;34,56627656869549;9,102210657080787;6
391;2018;4;54,37477348639939;16,257794035384702;8
392;2018;4;29,73653915732;7,568639138457005;9
393;2018;4;46,53226639132679;11,899484192418539;10
394;2018;4;73,49404828314209;24,215175627605007;11
395;2018;4;50,347993917417234;13,402859048246764;12
396;2018;4;37,757783845911696;10,536933969997644;13
397;2018;4;34,4507488777944;9,38376401334208;14
398;2018;4;59,06916926636779;17,58336203291432;15
399;2018;4;51,86140345426057;15,952033444971306;16
400;2018;4;39,801610069738146;9,639884990122159;17
401;2018;4;31,89625207025579;8,125067548299477;18
402;2018;4;67,55045369760039;19,332549309229275;19
403;2018;4;23,68919410065612;7,049080016507051;20
404;2018;4;65,58706886191564;20,62373640643868;21
405;2018;4;37,40072595129344;9,2821177795649;22
406;2018;4;93,59257086207943;27,748785315817887;23
407;2018;4;41,75796963877769;10,344120436439566;24
408;2018;3;64,44056759752046;20,95908740104848;1
409;2018;3;108,44591411021922;45,37709204560748;2
410;2018;3;32,91594537411041;8,373046550087581;3
411;2018;3;32,283100833077576;8,628583509513742;4
412;2018;3;56,391745852269025;17,28630822939319;5
413;2018;3;64,24210026029336;19,66915749676994;7
414;2018;3;34,24993887383215;9,018948170247882;6
415;2018;3;50,222013858377494;15,016208210741233;8
416;2018;3;29,576573428878444;7,5279498103121085;9
417;2018;3;23,263700137195517;5,949165647225797;10
418;2018;3;71,75023651844843;23,64056278957734;11
419;2018;3;50,73304318059562;13,505484520192356;12
420;2018;3;37,990597267996215;10,601969231966759;13
421;2018;3;32,10366641805902;8,74450949017475;14
422;2018;3;60,48661674396911;18,005451709791327;15
423;2018;3;50,54264808703746;15,546572458298687;16
424;2018;3;39,42741342068409;9,549341341721156;17
425;2018;3;33,05141650392377;8,419357955569252;18
426;2018;3;52,35311497551916;14,983359875657099;19
427;2018;3;32,72785029455932;9,738987459252597;20
428;2018;3;63,4096146162309;19,939106982732063;21
429;2018;3;36,24961697805127;8,996517443513934;22
430;2018;3;92,77191839394062;27,506021696216745;23
431;2018;3;41,68101359528755;10,325137534986972;24
432;2018;2;62,78226651094991;20,374582324435124;1
433;2018;2;106,53494128146691;44,632577746788044;2
434;2018;2;32,8575008674866;8,35838388395506;3
435;2018;2;31,251704996034892;8,353123614291734;4
436;2018;2;54,90230333735512;16,830485129144066;5
437;2018;2;63,2743661231958;19,373198551696014;7
438;2018;2;33,80975390881165;8,903247385340823;6
439;2018;2;49,20261187052838;14,711648453505866;8
440;2018;2;29,434226520796997;7,4919076165093035;9
441;2018;2;23,432202729854474;5,9923974768014165;10
442;2018;2;71,04033787278055;23,40701065826804;11
443;2018;2;50,97789073923241;13,570922884408905;12
444;2018;2;36,97287272406129;10,318226443150964;13
445;2018;2;31,630907682221824;8,61598877251767;14
446;2018;2;60,23679161402031;17,931877810369247;15
447;2018;2;50,147894623963396;15,42558308937726;16
448;2018;2;39,93719209989731;9,673102808845783;17
449;2018;2;32,94664884868421;8,392841711641646;18
450;2018;2;15,150424491351385;4,336137508962927;19
451;2018;2;33,33236451006607;9,919588050940062;20
452;2018;2;62,57079239957442;19,675591530682105;21
453;2018;2;35,256464211164236;8,750160589339375;22
454;2018;2;91,60519629538562;27,162316515991055;23
455;2018;2;41,512563170017415;10,283671207148597;24
456;2018;1;62,62621166168454;20,27965291057949;1
457;2018;1;106,23567174586837;44,562961320417855;2
458;2018;1;32,79361613741535;8,342098537275874;3
459;2018;1;30,829927645702472;8,240328535251999;4
460;2018;1;53,71560488248906;16,466326556340928;5
461;2018;1;63,51716965201617;19,447381073339752;7
462;2018;1;32,66346087317512;8,60133260210877;6
463;2018;1;48,68120241785722;14,555673456325385;8
464;2018;1;21,404310259211442;5,4480098282582645;9
465;2018;1;23,121260875677535;5,912829505826147;10
466;2018;1;71,75163692275797;23,64124866231016;11
467;2018;1;51,44351011244806;13,694770063119927;12
468;2018;1;37,07215110240331;10,345843091967911;13
469;2018;1;30,95673588446963;8,432278416607307;14
470;2018;1;61,517390351563726;18,31283869735193;15
471;2018;1;49,816861312232405;15,323567091543692;16
472;2018;1;39,775591632918804;9,633845443846392;17
473;2018;1;32,60917745169287;8,306800710570991;18
474;2018;1;15,14879034827491;4,335615022675048;19
475;2018;1;33,55275989857616;9,98473486255572;20
476;2018;1;62,28199844300957;19,584682368757406;21
477;2018;1;34,9882694482421;8,683504190530646;22
478;2018;1;65,19963702359347;19,33152333431171;23
479;2018;1;41,176009388866156;10,200177350055142;24
480;2017;4;57,609615290258205;18,61464924835486;1
481;2017;4;122,89742418734991;51,6167209151056;2
482;2017;4;28,620950093924897;7,280600419229377;3
483;2017;4;30,808158111236537;8,234501979468078;4
484;2017;4;51,46309626749354;15,77581593080522;5
485;2017;4;63,33262565207773;19,390857786793124;7
486;2017;4;32,51511831118755;8,562263620309615;6
487;2017;4;47,885245293746834;14,317635180183578;8
488;2017;4;21,270976689249718;5,414060072151437;9
489;2017;4;22,742083716267025;5,81583543877829;10
490;2017;4;71,04976106378558;23,409929773918797;11
491;2017;4;51,56847440546175;13,727965660359493;12
492;2017;4;33,32562553415048;9,300280994440511;13
493;2017;4;31,14218485379854;8,482789477895514;14
494;2017;4;61,24232317785096;18,2308851652642;15
495;2017;4;49,37562976824529;15,187813662722721;16
496;2017;4;39,79624247145896;9,638816535753657;17
497;2017;4;30,29992919128174;7,718528602820455;18
498;2017;4;10,586731069754228;3,0299272402737993;19
499;2017;4;28,912492882806827;8,603821648608145;20
500;2017;4;61,7127712196729;19,405680474329014;21
501;2017;4;29,126386109501063;7,228687949666727;22
502;2017;4;59,89413596263622;17,758493353028065;23
503;2017;4;39,8968735176797;9,883286960651205;24
504;2017;3;55,62938339533962;17,935870973592106;1
505;2017;3;121,85832590969336;51,2444496511116;2
506;2017;3;32,49092567790524;8,265091234974188;3
507;2017;3;29,975925647657625;8,012103738024656;4
508;2017;3;46,21537746651841;14,16737183585357;5
509;2017;3;62,30700225296333;19,076953915608296;7
510;2017;3;32,16543574593796;8,470212670540503;6
511;2017;3;45,95812167017718;13,741494179292031;8
512;2017;3;21,350384380070757;5,43429504811395;9
513;2017;3;22,64536299508256;5,791142800512126;10
514;2017;3;69,13993701142644;22,780807976856142;11
515;2017;3;51,46525230494696;13,700651079810719;12
516;2017;3;35,70493177720565;9,964323465862444;13
517;2017;3;30,205990933031902;8,227833589371523;14
518;2017;3;60,8304131050389;18,10848135178631;15
519;2017;3;48,518658939500625;14,924361907723748;16
520;2017;3;39,839700806907416;9,649427484390076;17
521;2017;3;32,36688935995978;8,245115565495915;18
522;2017;3;15,477861790298098;4,429809174940647;19
523;2017;3;33,29182971658959;9,907366563740627;20
524;2017;3;60,90635563451515;19,152164898849556;21
525;2017;3;35,12104488438485;8,716515836151316;22
526;2017;3;65,74180473434595;19,492764396867877;23
527;2017;3;39,69537916123259;9,833448455500244;24
528;2017;2;56,272144161691315;18,104156481000473;1
529;2017;2;124,06139375642523;52,236738675121046;2
530;2017;2;25,97712106768351;6,608185687419579;3
531;2017;2;29,045524775453423;7,763587198662014;4
532;2017;2;35,54601117914412;10,897114883440475;5
533;2017;2;58,973528908003566;18,05661531060883;7
534;2017;2;31,38612136835505;8,265165616133114;6
535;2017;2;45,38933102824724;13,571663585663645;8
536;2017;2;19,965076445261992;5,0818187061685505;9
537;2017;2;22,403415894624064;5,729417105648426;10
538;2017;2;63,49352648099681;20,920811368324546;11
539;2017;2;16,203445806143563;4,313641371128342;12
540;2017;2;31,75860536139077;8,863231962926129;13
541;2017;2;30,089248025085933;8,196262181174568;14
542;2017;2;61,91013427666159;18,43063459528346;15
543;2017;2;46,02080512293318;14,1565144707972;16
544;2017;2;32,739420263626215;7,929941866624195;17
545;2017;2;26,96461612024698;6,869062671706707;18
546;2017;2;9,513970314868304;2,7229996991951935;19
547;2017;2;26,248619828709554;7,812000426302888;20
548;2017;2;52,26961123969867;16,436519275562326;21
549;2017;2;14,118988073971998;3,5041532386183105;22
550;2017;2;68,46322075955756;20,30130511507835;23
551;2017;2;38,18623365639289;9,459823731438563;24
552;2017;1;58,57400244920328;18,804855031011677;1
553;2017;1;108,36920836560806;45,687714654171046;2
554;2017;1;25,659350838021506;6,527341318167275;3
555;2017;1;28,62166053842791;7,65022534015797;4
556;2017;1;35,662220237763016;10,932503392025788;5
557;2017;1;57,65332959287443;17,652242570602198;7
558;2017;1;30,940600109644144;8,147787146784857;6
559;2017;1;44,907273687041226;13,427434245008815;8
560;2017;1;19,842489178645863;5,050590921688212;9
561;2017;1;22,756985962232346;5,81976940765058;10
562;2017;1;62,66928104575163;20,649049712429974;11
563;2017;1;16,19552414605418;4,311444393660782;12
564;2017;1;31,843012770179662;8,886706245725367;13
565;2017;1;29,522202363131044;8,041713210556319;14
566;2017;1;61,02302006782746;18,166254008454768;15
567;2017;1;46,02953874119518;14,158945655638249;16
568;2017;1;32,57548931482305;7,8901262912821775;17
569;2017;1;27,03676098842391;6,887390312005832;18
570;2017;1;9,545500193678896;2,7319835263877543;19
571;2017;1;26,52499173785465;7,89382704275053;20
572;2017;1;51,970107692080425;16,34225474583628;21
573;2017;1;14,702119493368587;3,6488508898009986;22
574;2017;1;68,91974851288131;20,435486705666722;23
575;2017;1;37,90016075894098;9,388852799951817;24
576;2016;4;61,236587430356856;18,578640735833826;1
577;2016;4;120,63133173632356;45,78373827727234;2
578;2016;4;26,543515589961913;6,720813040873304;3
579;2016;4;28,786656085255263;7,653240095890541;4
580;2016;4;36,07290546427898;10,959254911598952;5
581;2016;4;57,696719154378975;17,57129145976522;7
582;2016;4;30,98107037649768;8,119896031116928;6
583;2016;4;45,208402854677;13,451982739190726;8
584;2016;4;19,84823607816392;5,02928480990009;9
585;2016;4;22,651387008241425;5,758804384392255;10
586;2016;4;63,016182768654026;20,670760836407798;11
587;2016;4;16,45531638401623;4,350562085368715;12
588;2016;4;32,10735338479002;8,910941733480245;13
589;2016;4;29,720149807797423;8,047024567428018;14
590;2016;4;60,873667228199054;17,993247493890816;15
591;2016;4;46,38521035065572;14,170250609480686;16
592;2016;4;32,69411973937546;7,865487548426057;17
593;2016;4;27,292421452197058;6,913287316652287;18
594;2016;4;9,640682435370556;2,7410268293938924;19
595;2016;4;27,04676021484584;7,940780215262837;20
596;2016;4;52,19105023718895;16,345011971501133;21
597;2016;4;15,067847510433346;3,719720429331573;22
598;2016;4;70,30526590539473;20,57132386392357;23
599;2016;4;37,9807622036193;9,349553397483637;24
600;2016;3;60,14329545468815;18,295308597951934;1
601;2016;3;120,77287775101534;45,85472026772204;2
602;2016;3;26,48067675746367;6,72059087375157;3
603;2016;3;28,910749068480953;7,706877803276395;4
604;2016;3;36,17869442878647;11,041169584989312;5
605;2016;3;58,24381625803197;17,78550480431242;7
606;2016;3;31,066878826051184;8,161726730902307;6
607;2016;3;45,43514088447326;13,552371996148606;8
608;2016;3;18,639708302862847;4,733748023050463;9
609;2016;3;22,605154265256864;5,76400350138348;10
610;2016;3;61,73178543650905;20,294829381412075;11
611;2016;3;17,074559106484113;4,529887087279927;12
612;2016;3;32,08835884566649;8,930444449562124;13
613;2016;3;29,905385775898186;8,121652823521027;14
614;2016;3;60,21485088853954;17,862151015228427;15
615;2016;3;46,38796536215942;14,220201565227184;16
616;2016;3;32,95583168118035;7,955372391224448;17
617;2016;3;27,31712713599077;6,939188629814689;18
618;2016;3;9,630539686885157;2,7472425273887247;19
619;2016;3;26,835201895450698;7,932484607529773;20
620;2016;3;52,67215036886248;16,529361932364445;21
621;2016;3;15,329646578472886;3,794480871177055;22
622;2016;3;68,94049249100736;20,307103192524696;23
623;2016;3;37,89736341023836;9,358616360369721;24
624;2016;2;59,33852679105808;18,098684568289556;1
625;2016;2;120,03953504825309;45,59375712104128;2
626;2016;2;26,074188059740646;6,632980570132604;3
627;2016;2;28,5935505552226;7,642896733294073;4
628;2016;2;36,12438565556337;11,074824787933132;5
629;2016;2;57,54798052828644;17,620348014320207;7
630;2016;2;30,580162046616557;8,053039893831306;6
631;2016;2;44,73887454518738;13,377306134693265;8
632;2016;2;19,370070664563997;4,930439412017454;9
633;2016;2;21,888281043576683;5,597761384701527;10
634;2016;2;60,43686025737927;19,91385540427254;11
635;2016;2;16,878902611111524;4,4934890589340855;12
636;2016;2;32,12597179442594;8,96594364845842;13
637;2016;2;29,239512823021975;7,964976216879448;14
638;2016;2;59,098285533662036;17,594175765043765;15
639;2016;2;46,240113078127436;14,224291356155328;16
640;2016;2;32,08172602508202;7,770812428027119;17
641;2016;2;27,34078151409113;6,964997582946448;18
642;2016;2;9,603733851602321;2,7487304539676813;19
643;2016;2;26,728911725319804;7,955357767523354;20
644;2016;2;52,436477259371124;16,489119309020037;21
645;2016;2;15,888925047306124;3,943453095409565;22
646;2016;2;67,71824288255286;20,081326844262296;23
647;2016;2;37,23568289338424;9,224512334342581;24
648;2016;1;57,33590782254113;17,53507921643952;1
649;2016;1;115,16005888884817;43,75778412718348;2
650;2016;1;25,910217981190538;6,606879526910472;3
651;2016;1;28,07514644775236;7,524734075579937;4
652;2016;1;36,0927055378499;11,115931499378867;5
653;2016;1;55,283092783740216;16,972666239608547;7
654;2016;1;30,080785004133055;7,940601449315725;6
655;2016;1;43,84596814466226;13,142540095674788;8
656;2016;1;19,041878369434937;4,858053690123639;9
657;2016;1;21,41001128856396;5,491800261988138;10
658;2016;1;57,84086865504526;19,101771424266833;11
659;2016;1;16,83351837249417;4,4969582015400285;12
660;2016;1;32,12333888801278;8,990567825336337;13
661;2016;1;28,36765259095629;7,751215322654614;14
662;2016;1;55,75393700425406;16,65921009321782;15
663;2016;1;45,83512638708331;14,14929460475045;16
664;2016;1;31,315545971153234;7,6113150931071925;17
665;2016;1;27,330794110004312;6,982387580659241;18
666;2016;1;9,586346282770212;2,752950183918377;19
667;2016;1;26,865862521449994;8,051419802811122;20
668;2016;1;51,27734085407622;16,157804349232396;21
669;2016;1;16,205749206821952;4,032855070541266;22
670;2016;1;65,83304163135006;19,6541853628346;23
671;2016;1;36,72477136636591;9,127106142747772;24
672;2015;4;58,29182182733718;17,683348856285942;1
673;2015;4;118,13036321153807;44,832983780989366;2
674;2015;4;26,23945178859185;6,643394374998431;3
675;2015;4;28,35056623514143;7,53670916277073;4
676;2015;4;36,89017827786587;11,205552103480567;5
677;2015;4;57,364881766079215;17,46916799414709;7
678;2015;4;30,33643144533882;7,950363156694786;6
679;2015;4;44,10854807300098;13,123962308090587;8
680;2015;4;19,06549151678632;4,8305631271657905;9
681;2015;4;21,47147379391073;5,458341251601313;10
682;2015;4;58,75633720012275;19,272161272149656;11
683;2015;4;17,315778648410653;4,577775134234902;12
684;2015;4;32,48895249500142;9,015907568565332;13
685;2015;4;28,686658891542372;7,766317103077486;14
686;2015;4;58,2893377687955;17,22630452981118;15
687;2015;4;46,43948111494307;14,185024658290292;16
688;2015;4;31,593492648071866;7,599850568087338;17
689;2015;4;27,6648539357743;7,007150043164227;18
690;2015;4;9,705768984506312;2,759291577250979;19
691;2015;4;27,74476906647967;8,143243109871943;20
692;2015;4;52,60808978585806;16,474943169318767;21
693;2015;4;17,00497803803607;4,197822731421939;22
694;2015;4;66,46220433623792;19,441920240938828;23
695;2015;4;37,06217328329588;9,122607419100433;24
696;2015;3;57,68868105608009;17,5478839831824;1
697;2015;3;118,28921116431961;44,91109222814752;2
698;2015;3;25,863781184637624;6,5638473961451576;3
699;2015;3;27,963072793479412;7,454020298824401;4
700;2015;3;36,81180991463324;11,233578169758335;5
701;2015;3;57,08340378951846;17,430734989025318;7
702;2015;3;30,16741240901903;7,9251911359201195;6
703;2015;3;43,67718163526334;13,027710914374044;8
704;2015;3;18,836751773785252;4,783639923880968;9
705;2015;3;21,2703333470887;5,423454555427568;10
706;2015;3;57,96395975091518;19,055588379965016;11
707;2015;3;17,151129442032545;4,550079085806065;12
708;2015;3;32,49199583186653;9,042401990754488;13
709;2015;3;28,306345093436885;7,687041384274881;14
710;2015;3;54,59931489671118;16,195213031371225;15
711;2015;3;46,389186656745146;14,21984560217436;16
712;2015;3;31,175945212858434;7,525378783060509;17
713;2015;3;27,66538565566005;7,027462887351242;18
714;2015;3;9,70650326873876;2,7688118552652248;19
715;2015;3;27,606060983429437;8,159354482038923;20
716;2015;3;52,14595474084349;16,3639671637834;21
717;2015;3;17,11882253135319;4,237302719178804;22
718;2015;3;74,85845784033849;22,04802112197417;23
719;2015;3;36,61035952774264;9,04046893117945;24
720;2015;2;56,80280561439208;17,32566254457297;1
721;2015;2;116,06627091860372;44,08485428379352;2
722;2015;2;25,45341804469818;6,475144864314208;3
723;2015;2;27,46453938839946;7,341229538625331;4
724;2015;2;36,58246720458481;11,215678099350221;5
725;2015;2;55,86916350781819;17,106520102782877;7
726;2015;2;29,584012668108493;7,790823368355694;6
727;2015;2;42,93197901645878;12,837181261223597;8
728;2015;2;18,36026720527858;4,673478484721786;9
729;2015;2;20,287219077594944;5,188392481356063;10
730;2015;2;56,70766522530004;18,685329046975873;11
731;2015;2;16,883190981963825;4,494678751214943;12
732;2015;2;32,49199583186653;9,068294493026901;13
733;2015;2;27,34768244882168;7,4498150149300955;14
734;2015;2;53,117336593231435;15,814175161962616;15
735;2015;2;45,97612013432327;14,14343856592951;16
736;2015;2;30,46112384270092;7,378443804380798;17
737;2015;2;27,64305342045848;7,042097078751527;18
738;2015;2;9,707971837203658;2,778618445940834;19
739;2015;2;27,072245027448233;8,058063850217536;20
740;2015;2;51,17653890867876;16,093025858679276;21
741;2015;2;17,110566632982863;4,2466687085071415;22
742;2015;2;74,50787431664719;22,095953780047246;23
743;2015;2;35,68770560918727;8,841187690702666;24
744;2015;1;56,37048433026737;17,241393436944044;1
745;2015;1;114,89699714890288;43,65872499007399;2
746;2015;1;25,10946633078758;6,4030169907943355;3
747;2015;1;26,649591220305552;7,143089175357747;4
748;2015;1;37,612780685907914;11,585798774556789;5
749;2015;1;54,69734650188214;16,79362190248589;7
750;2015;1;28,95019128190928;7,642568763996284;6
751;2015;1;42,06519337351208;12,609336086982932;8
752;2015;1;18,12270367397183;4,62384901660949;9
753;2015;1;19,68971363262363;5,050879913471037;10
754;2015;1;55,50803232733774;18,332348933631966;11
755;2015;1;16,703201787413843;4,462324463144091;12
756;2015;1;32,36588756051825;9,059236417534116;13
757;2015;1;26,305604105190643;7,1884830279667495;14
758;2015;1;51,95443673810251;15,526250068921229;15
759;2015;1;45,32694907202778;13,99387526238606;16
760;2015;1;30,00978823344275;7,2946429647847415;17
761;2015;1;27,553192759766446;7,039582453142129;18
762;2015;1;9,716048963760594;2,790401457622043;19
763;2015;1;27,994863943494483;8,391896957421542;20
764;2015;1;50,24449475931921;15,832773292036375;21
765;2015;1;17,0558169911586;4,2444689547784344;22
766;2015;1;74,23495170010268;22,16715476458662;23
767;2015;1;35,07860688538978;8,71860866450986;24
768;2014;4;56,09433653019754;17,0147634301905;1
769;2014;4;114,89676550801623;43,604620676636536;2
770;2014;4;25,513779082747998;6,459254980059493;3
771;2014;4;21,87078320023224;5,81368220415458;4
772;2014;4;40,24927468450274;12,22355578461917;5
773;2014;4;54,69689679332299;16,655707331301695;7
774;2014;4;23,56243099277512;6,174655065970425;6
775;2014;4;36,0254708519679;10,718328095183363;8
776;2014;4;17,956311361695214;4,549162969289201;9
777;2014;4;19,59941818052116;4,982003512117359;10
778;2014;4;51,273133452228585;16,816524623987434;11
779;2014;4;17,01075088723615;4,496901902725229;12
780;2014;4;32,63838187615034;9,056377705209336;13
781;2014;4;24,162430605588312;6,540662222041546;14
782;2014;4;52,554989697249574;15,52866412077054;15
783;2014;4;45,47806275120403;13,889530185847859;16
784;2014;4;29,534861619577978;7,103785883014793;17
785;2014;4;28,037145714560673;7,100961754619733;18
786;2014;4;9,786393366351197;2,7819569555272006;19
787;2014;4;27,802678969652344;8,15757414246012;20
788;2014;4;49,999623023482705;15,657532856900755;21
789;2014;4;17,26920158364512;4,26296198713424;22
790;2014;4;66,13781947338316;19,341882280727507;23
791;2014;4;35,32087516932818;8,693215352295233;24
792;2014;3;56,754739164071026;17,26299843234104;1
793;2014;3;113,8005123324155;43,20639959292724;2
794;2014;3;24,706121305327624;6,269890252791938;3
795;2014;3;21,112666705262427;5,627757222300207;4
796;2014;3;40,59867094427454;12,388234071451354;5
797;2014;3;54,23361028299935;16,5601374978714;7
798;2014;3;22,78753503515243;5,9862826719116935;6
799;2014;3;34,981647333712985;10,433826435850124;8
800;2014;3;17,771314831468263;4,5129252671268265;9
801;2014;3;18,368534215570367;4,68339443034039;10
802;2014;3;55,78120173850417;18,33753400191527;11
803;2014;3;16,50671327406722;4,379035874747908;12
804;2014;3;32,313179561655694;8,992236937014606;13
805;2014;3;23,567356954345527;6,399773666851879;14
806;2014;3;56,39541102706976;16,726688649309313;15
807;2014;3;46,196187157830146;14,159932806209634;16
808;2014;3;29,2226843537979;7,053549273694012;17
809;2014;3;27,854244478102746;7,0752480415613945;18
810;2014;3;9,711210759672754;2,770051341285783;19
811;2014;3;28,231942904274984;8,34323913237982;20
812;2014;3;49,19588444557267;15,437988654617879;21
813;2014;3;16,49220390830193;4,082169590293595;22
814;2014;3;65,68610204476191;19,344392262780588;23
815;2014;3;33,94375582221807;8,381678430058432;24
816;2014;2;55,06141695143392;16,794925434991658;1
817;2014;2;113,1433524754098;42,974776961427445;2
818;2014;2;24,703118860058403;6,284355435383139;3
819;2014;2;20,95799636749445;5,602127567276613;4
820;2014;2;41,41020981991258;12,696289361395674;5
821;2014;2;53,448126115625996;16,365408420405306;7
822;2014;2;22,575613003243586;5,945267054468535;6
823;2014;2;34,687432371459764;10,372072065869386;8
824;2014;2;17,54041175485166;4,464869672895974;9
825;2014;2;18,706060999413573;4,784095434078587;10
826;2014;2;49,70759616034458;16,379048903362197;11
827;2014;2;16,502564816345664;4,3933834187878436;12
828;2014;2;32,098238150241194;8,95860097015214;13
829;2014;2;23,367747601299843;6,365807425994047;14
830;2014;2;50,84274905844866;15,137568029498313;15
831;2014;2;45,33491032014632;13,946569423268942;16
832;2014;2;28,914594000862877;7,004015501526469;17
833;2014;2;27,782697817958912;7,077771062624967;18
834;2014;2;9,717910199871824;2,781512264860477;19
835;2014;2;29,377007153054272;8,744673181156902;20
836;2014;2;48,39035138670138;15,216957428230305;21
837;2014;2;16,695567347354444;4,143683147939005;22
838;2014;2;64,35604517159936;19,08631433655622;23
839;2014;2;33,94452688568229;8,409488588173268;24
840;2014;1;54,570072879439756;16,692346018019045;1
841;2014;1;112,25412278926913;42,655071630586406;2
842;2014;1;24,251751254585553;6,184614520776599;3
843;2014;1;20,71853886384081;5,553671463702625;4
844;2014;1;41,23521807972435;12,703590133239262;5
845;2014;1;52,517847544006315;16,125183143749393;7
846;2014;1;22,316716713838876;5,891708288681968;6
847;2014;1;34,367121821250166;10,302247104839328;8
848;2014;1;17,418451079368708;4,444467754793774;9
849;2014;1;18,41535244687765;4,724302778829112;10
850;2014;1;48,42532103828204;15,994061954006705;11
851;2014;1;16,294104815837528;4,353174900044055;12
852;2014;1;31,91312298660578;8,933318322823283;13
853;2014;1;23,13653864847733;6,323160981949705;14
854;2014;1;49,79160519138556;14,882265766507492;15
855;2014;1;44,913957131788514;13,867842232252002;16
856;2014;1;28,699559509630678;6,976877486214764;17
857;2014;1;27,59549302299609;7,050796578649686;18
858;2014;1;9,347207842190002;2,684668505334274;19
859;2014;1;28,939093063577776;8,677326900880571;20
860;2014;1;47,84766256547095;15,077800919408592;21
861;2014;1;16,309923503967603;4,058899015580628;22
862;2014;1;63,965925574153744;19,10492102645171;23
863;2014;1;33,4209747934719;8,307214637543202;24
